{"losses_distributed": [[1, 1.382275489170022], [2, 0.7998530507534556], [3, 0.6945981153047666], [4, 0.6458427043221285], [5, 0.6241659959695182], [6, 0.5912018532407428], [7, 0.5666098715513261], [8, 0.5492513550713081], [9, 0.5398107229968202], [10, 0.5112551345645463], [11, 0.4994015749470982], [12, 0.5055590070396202], [13, 0.46855829156026], [14, 0.4662952769999204], [15, 0.45288630735124463], [16, 0.4431223593096791], [17, 0.4536758430373515], [18, 0.42991974511676806], [19, 0.434810877680431], [20, 0.4380459329948878], [21, 0.41604484933607283], [22, 0.40434507222932264], [23, 0.40505870707528585], [24, 0.39455924297262857], [25, 0.39809238750802534], [26, 0.383164264241242], [27, 0.3871390876622063], [28, 0.3880014704148603], [29, 0.37533198143978114], [30, 0.3772088771534681]], "metrics_distributed_fit": {"accuracy": [[1, 52.803417022606524], [2, 73.41181373059693], [3, 77.77476820502136], [4, 79.85206792374206], [5, 80.95634961975206], [6, 82.41066777789354], [7, 82.92738826961141], [8, 83.32951349098865], [9, 84.17126784040005], [10, 84.57964371288676], [11, 84.94634857797688], [12, 85.35889155120326], [13, 85.742264819252], [14, 86.01520991769976], [15, 86.45483904573393], [16, 86.72986769455152], [17, 86.89655172413794], [18, 87.13824356703823], [19, 87.29659339514532], [20, 87.62787790394833], [21, 87.84248359204084], [22, 87.87998749869779], [23, 88.1508490467757], [24, 88.18626940306282], [25, 88.36753828523804], [26, 88.61339722887801], [27, 88.7300760495885], [28, 88.85300552140848], [29, 88.98426919470778], [30, 89.19679133243046]]}, "metrics_distributed": {"accuracy": [[1, 66.45564348188255], [2, 72.21990837151186], [3, 74.44398167430238], [4, 74.98542274052478], [5, 76.31820074968763], [6, 76.43481882548937], [7, 78.33402748854644], [8, 79.41690962099125], [9, 79.05872553102874], [10, 81.10787172011662], [11, 81.64931278633902], [12, 80.52478134110787], [13, 82.82382340691379], [14, 82.36568096626405], [15, 83.01541024573095], [16, 83.83173677634319], [17, 82.74052478134111], [18, 84.41482715535194], [19, 83.40691378592253], [20, 83.34860474802166], [21, 84.68971261974177], [22, 85.3561016243232], [23, 84.95626822157435], [24, 85.73927530195752], [25, 85.05622657226155], [26, 86.22240733027905], [27, 85.88921282798835], [28, 85.72261557684298], [29, 86.0807996668055], [30, 86.05581007913369]]}}