{"losses_distributed": [[1, 1.7062789204914306], [2, 1.285446742183961], [3, 1.0576453563353492], [4, 0.8716908615282359], [5, 0.8467301040892798], [6, 0.7561575564413379], [7, 0.7409057365143867], [8, 0.6807850262634916], [9, 0.6537293099395755], [10, 0.652606887510124], [11, 0.6222197891438616], [12, 0.6323619828283569], [13, 0.6324205930924781], [14, 0.5820989517053736], [15, 0.5558817664081257], [16, 0.5403588684707116], [17, 0.5460163555525415], [18, 0.5483653710032256], [19, 0.5230580864487212], [20, 0.5416221080192106], [21, 0.5322111841826211], [22, 0.5311749486804446], [23, 0.48682147328782505], [24, 0.48666830172824965], [25, 0.47905725016271383], [26, 0.4786629881951877], [27, 0.49778452222395325], [28, 0.49147689502881153], [29, 0.45535899851047884], [30, 0.4522309526751455], [31, 0.4467817553465206], [32, 0.4504316458214783], [33, 0.4236645822744396], [34, 0.43002052513292255], [35, 0.4408147448002895], [36, 0.4579177104788238], [37, 0.4229125872537399], [38, 0.4213058778389876], [39, 0.4391772557671906], [40, 0.410303222290459], [41, 0.42056553054480544], [42, 0.441309510605141], [43, 0.41324378283907276], [44, 0.4237103554066699], [45, 0.40194243319538664], [46, 0.4077923160390193], [47, 0.4122198421827101], [48, 0.3906104404036103], [49, 0.4005593724489232], [50, 0.3890241413193816]], "metrics_distributed_fit": {"accuracy": [[1, 74.591632636053], [2, 84.37161430119177], [3, 86.52387698974914], [4, 87.52604383698642], [5, 88.30319193266105], [6, 89.15117926493875], [7, 89.75956329694141], [8, 90.08875739644971], [9, 90.51795982998583], [10, 91.05550462538545], [11, 91.33052754396199], [12, 91.44928744062005], [13, 91.85348779064923], [14, 91.99933327777315], [15, 92.1493457788149], [16, 92.3056088007334], [17, 92.56604717059756], [18, 92.69314109509126], [19, 92.92441036753063], [20, 92.90774231185932], [21, 93.03900325027085], [22, 93.26610550879239], [23, 93.15151262605217], [24, 93.56821401783482], [25, 93.63280273356114], [26, 93.64738728227353], [27, 93.60780065005417], [28, 93.67030585882156], [29, 93.95157929827485], [30, 93.87448954079507], [31, 93.94741228435703], [32, 94.0995082923577], [33, 94.18701558463205], [34, 94.12034336194682], [35, 94.13909492457705], [36, 94.27243936994749], [37, 94.29535794649554], [38, 94.37869822485207], [39, 94.5099591632636], [40, 94.43703641970164], [41, 94.56829735811317], [42, 94.5557963163597], [43, 94.53704475372948], [44, 94.60788399033252], [45, 94.74122843570298], [46, 94.74331194266189], [47, 94.6974747895658], [48, 94.8224852071006], [49, 94.80165013751146], [50, 94.91207600633386]]}, "metrics_distributed": {"accuracy": [[1, 42.83572142619127], [2, 50.88303898700433], [3, 56.4978340553149], [4, 64.07864045318227], [5, 65.86971009663445], [6, 70.35988003998668], [7, 70.36821059646785], [8, 74.50016661112963], [9, 75.3415528157281], [10, 74.84171942685771], [11, 75.8330556481173], [12, 76.40786404531822], [13, 75.48317227590803], [14, 77.47417527490836], [15, 78.61546151282906], [16, 79.32355881372875], [17, 79.46517827390869], [18, 79.19026991003], [19, 80.19826724425192], [20, 79.09030323225592], [21, 79.16527824058647], [22, 80.27324225258248], [23, 81.44785071642785], [24, 81.58113962012662], [25, 81.83938687104299], [26, 81.59780073308897], [27, 81.07297567477508], [28, 81.42285904698434], [29, 83.24725091636121], [30, 82.72242585804732], [31, 83.23892035988004], [32, 83.12229256914362], [33, 84.48850383205598], [34, 84.2635788070643], [35, 83.61379540153283], [36, 82.53082305898035], [37, 84.4218593802066], [38, 84.53848717094301], [39, 83.38887037654115], [40, 84.98000666444518], [41, 84.5134955014995], [42, 83.78873708763746], [43, 84.73842052649117], [44, 84.06364545151617], [45, 85.404865044985], [46, 84.89670109963346], [47, 84.80506497834055], [48, 85.57980673108963], [49, 85.35488170609797], [50, 85.77140953015662]]}}