{"losses_distributed": [[1, 1.6030009666019458], [2, 0.8751436208844532], [3, 0.724992539846912], [4, 0.6740956904341012], [5, 0.6317369609860171], [6, 0.5988504371063156], [7, 0.5724439337322087], [8, 0.5616692281275777], [9, 0.5500733370063008], [10, 0.5497378537055106], [11, 0.5261534558738683], [12, 0.5270764159366818], [13, 0.49213279252099973], [14, 0.4939534644294113], [15, 0.4801320191871519], [16, 0.49013940654710547], [17, 0.46297251832877434], [18, 0.45791961579013], [19, 0.44837669469773], [20, 0.44205117611674555], [21, 0.4358302944876263], [22, 0.4329327959882275], [23, 0.4384661155261382], [24, 0.4245198313765901], [25, 0.4206653438250952], [26, 0.40973056903088007], [27, 0.4097394811516253], [28, 0.41572290189511474], [29, 0.3976648201449917], [30, 0.4042134423645175], [31, 0.40157064212108345], [32, 0.4089240370741093], [33, 0.3921494702233319], [34, 0.3940811039531593], [35, 0.3759837041989509], [36, 0.3813767730171906], [37, 0.37709077681069175], [38, 0.37586203810325614], [39, 0.37232607584702676], [40, 0.3639925694152843], [41, 0.3946243024403629], [42, 0.3592787214563768], [43, 0.37024366774195583], [44, 0.357210816881747], [45, 0.353703629483982], [46, 0.35425272571052524], [47, 0.34994156462904913], [48, 0.35249835777560756], [49, 0.34657416627934357], [50, 0.3437944804341135]], "metrics_distributed_fit": {"accuracy": [[1, 48.66965308886342], [2, 72.92217939368685], [3, 77.73934784873424], [4, 79.5791228252943], [5, 81.10844879674966], [6, 81.987707052818], [7, 82.55859985415148], [8, 83.32534639024898], [9, 83.75664131680384], [10, 84.37753932701322], [11, 84.6233982706532], [12, 85.12553390978226], [13, 85.43389936451713], [14, 85.68600895926659], [15, 85.88394624440046], [16, 86.24648400875091], [17, 86.51317845608918], [18, 86.69861443900406], [19, 86.9423898322742], [20, 87.14657776851756], [21, 87.40285446400667], [22, 87.63204500468798], [23, 87.67996666319408], [24, 87.70496926763205], [25, 87.99666631940828], [26, 88.23419106156891], [27, 88.37378893634754], [28, 88.5925617251797], [29, 88.65298468590478], [30, 88.78841545994375], [31, 89.03427440358371], [32, 89.09469736430879], [33, 89.09261381393895], [34, 89.07177831024065], [35, 89.29888530055214], [36, 89.38222731534535], [37, 89.44681737681009], [38, 89.58016460047922], [39, 89.57808105010939], [40, 89.80518804042087], [41, 89.77601833524325], [42, 89.92811751224086], [43, 90.12605479737472], [44, 90.13647254922388], [45, 90.14897385144286], [46, 90.32607563287843], [47, 90.24273361808521], [48, 90.34482758620689], [49, 90.40316699656215], [50, 90.39899989582248]]}, "metrics_distributed": {"accuracy": [[1, 55.04373177842566], [2, 70.80383173677635], [3, 73.48604748021657], [4, 74.84381507705123], [5, 77.00124947938359], [6, 77.35943356934611], [7, 79.00041649312786], [8, 78.39233652644731], [9, 79.47521865889213], [10, 78.62557267805082], [11, 79.48354852144939], [12, 78.85880882965431], [13, 82.0158267388588], [14, 81.4244064972928], [15, 82.39067055393586], [16, 81.04123281965848], [17, 83.02374010828821], [18, 82.83215326947105], [19, 83.6734693877551], [20, 83.97334443981674], [21, 84.11495210329029], [22, 84.43148688046647], [23, 83.26530612244898], [24, 84.51478550603915], [25, 84.88129945855893], [26, 85.22282382340691], [27, 85.1728446480633], [28, 85.04789670970429], [29, 85.57267805081216], [30, 85.33111203665139], [31, 85.05622657226155], [32, 84.77301124531445], [33, 85.53102873802582], [34, 85.65597667638484], [35, 86.30570595585174], [36, 86.0308204914619], [37, 86.26405664306539], [38, 86.29737609329446], [39, 86.38067471886714], [40, 86.71386922115785], [41, 85.29779258642232], [42, 86.77217825905872], [43, 86.41399416909621], [44, 86.98042482299041], [45, 87.0887130362349], [46, 87.09704289879217], [47, 87.1137026239067], [48, 87.2969596001666], [49, 87.3969179508538], [50, 87.46355685131195]]}}