{"losses_distributed": [[1, 1.6731706822426944], [2, 1.1761338306949045], [3, 0.9908508883366502], [4, 0.8814300999978867], [5, 0.8065688708342142], [6, 0.7508400470758231], [7, 0.712080976337701], [8, 0.6977810958019895], [9, 0.6606171611486693], [10, 0.640727637812957], [11, 0.6156744155604535], [12, 0.5952022973893683], [13, 0.5721301824457742], [14, 0.564390074516318], [15, 0.58109907944206], [16, 0.5494862686642823], [17, 0.5857060979648318], [18, 0.5440209349285301], [19, 0.541384065076237], [20, 0.5056866038552188], [21, 0.5202624196275418], [22, 0.5209161040907858], [23, 0.5171325927037312], [24, 0.4906548471356066], [25, 0.501900126552411], [26, 0.48527780231690454], [27, 0.4820077042295531], [28, 0.4892763448373273], [29, 0.4693722825004573], [30, 0.4623392313837965], [31, 0.4605645371147272], [32, 0.45300657488219503], [33, 0.45151570947671366], [34, 0.4437618882956107], [35, 0.451933806766444], [36, 0.42512058022766264], [37, 0.4533596541900132], [38, 0.43076162907937016], [39, 0.4319126773222174], [40, 0.4305590918831967], [41, 0.4380259012672473], [42, 0.43195016952762205], [43, 0.4129253946857943], [44, 0.40946193132146086], [45, 0.4131325633264768], [46, 0.41831485820224745], [47, 0.414482307221563], [48, 0.41861566491561586], [49, 0.41137983991340255], [50, 0.4084415544173254]], "metrics_distributed_fit": {"accuracy": [[1, 75.35627968997416], [2, 84.62371864322027], [3, 86.51137594799566], [4, 87.63021918493207], [5, 88.32402700225019], [6, 89.33661138428202], [7, 89.83873656138012], [8, 90.28460705058755], [9, 90.56379698308193], [10, 90.89715809650804], [11, 91.14926243853654], [12, 91.58888240686724], [13, 91.80556713059421], [14, 92.01391782648554], [15, 92.30144178681557], [16, 92.31810984248688], [17, 92.44520376698058], [18, 92.67647303941995], [19, 92.82023501958497], [20, 93.03900325027085], [21, 92.99733311109259], [22, 93.17859821651804], [23, 93.19526627218934], [24, 93.3619468289024], [25, 93.47653971164263], [26, 93.5473789482457], [27, 93.64322026835569], [28, 93.66405533794483], [29, 93.73697808150679], [30, 93.84323693641137], [31, 93.90157513126094], [32, 93.8328194016168], [33, 93.94741228435703], [34, 94.03283606967247], [35, 94.27035586298858], [36, 94.18493207767314], [37, 94.26410534211185], [38, 94.32869405783815], [39, 94.30785898824902], [40, 94.45995499624969], [41, 94.48287357279773], [42, 94.50787565630469], [43, 94.50787565630469], [44, 94.58496541378449], [45, 94.5703808650721], [46, 94.572464372031], [47, 94.75581298441537], [48, 94.6349695807984], [49, 94.7120593382782], [50, 94.83290274189515]]}, "metrics_distributed": {"accuracy": [[1, 38.37887370876375], [2, 54.05698100633122], [3, 59.296901032989005], [4, 64.24525158280574], [5, 67.1776074641786], [6, 70.21826057980672], [7, 71.1179606797734], [8, 72.40919693435521], [9, 74.28357214261912], [10, 75.27490836387871], [11, 76.08297234255248], [12, 77.08263912029324], [13, 77.74908363878707], [14, 78.16561146284572], [15, 77.19926691102965], [16, 78.80706431189603], [17, 77.37420859713428], [18, 78.40719760079973], [19, 78.93202265911363], [20, 80.36487837387537], [21, 79.6484505164945], [22, 79.66511162945685], [23, 80.03165611462846], [24, 80.86471176274576], [25, 80.62312562479174], [26, 81.25624791736088], [27, 81.7727424191936], [28, 80.76474508497168], [29, 82.05598133955348], [30, 82.2642452515828], [31, 82.36421192935688], [32, 82.61412862379207], [33, 83.0056647784072], [34, 83.4055314895035], [35, 82.63912029323559], [36, 84.17194268577141], [37, 82.58080639786738], [38, 83.76374541819393], [39, 83.84705098300566], [40, 83.75541486171277], [41, 83.50549816727758], [42, 83.69710096634455], [43, 84.35521492835721], [44, 84.46351216261246], [45, 84.31356214595135], [46, 84.3885371542819], [47, 84.39686771076308], [48, 84.31356214595135], [49, 84.48017327557481], [50, 84.58847050983006]]}}