{"losses_distributed": [[1, 2.30523310575521], [2, 2.30523310575521], [3, 2.30523310575521], [4, 2.30523310575521], [5, 2.30523310575521], [6, 2.30523310575521], [7, 2.30523310575521], [8, 2.30523310575521], [9, 2.30523310575521], [10, 2.30523310575521], [11, 2.30523310575521], [12, 2.30523310575521], [13, 2.30523310575521], [14, 2.30523310575521], [15, 2.30523310575521], [16, 2.30523310575521], [17, 2.30523310575521], [18, 2.30523310575521], [19, 2.30523310575521], [20, 2.30523310575521], [21, 2.30523310575521], [22, 2.30523310575521], [23, 2.30523310575521], [24, 2.30523310575521], [25, 2.30523310575521], [26, 2.30523310575521], [27, 2.30523310575521], [28, 2.30523310575521], [29, 2.30523310575521], [30, 2.30523310575521], [31, 2.30523310575521], [32, 2.30523310575521], [33, 2.30523310575521], [34, 2.30523310575521], [35, 2.30523310575521], [36, 2.30523310575521], [37, 2.30523310575521], [38, 2.30523310575521], [39, 2.30523310575521], [40, 2.30523310575521], [41, 2.30523310575521], [42, 2.30523310575521], [43, 2.30523310575521], [44, 2.30523310575521], [45, 2.30523310575521], [46, 2.30523310575521], [47, 2.30523310575521], [48, 2.30523310575521], [49, 2.30523310575521], [50, 2.30523310575521]], "metrics_distributed_fit": {}, "metrics_distributed": {"accuracy": [[1, 6.48896293211162], [2, 6.48896293211162], [3, 6.48896293211162], [4, 6.48896293211162], [5, 6.48896293211162], [6, 6.48896293211162], [7, 6.48896293211162], [8, 6.48896293211162], [9, 6.48896293211162], [10, 6.48896293211162], [11, 6.48896293211162], [12, 6.48896293211162], [13, 6.48896293211162], [14, 6.48896293211162], [15, 6.48896293211162], [16, 6.48896293211162], [17, 6.48896293211162], [18, 6.48896293211162], [19, 6.48896293211162], [20, 6.48896293211162], [21, 6.48896293211162], [22, 6.48896293211162], [23, 6.48896293211162], [24, 6.48896293211162], [25, 6.48896293211162], [26, 6.48896293211162], [27, 6.48896293211162], [28, 6.48896293211162], [29, 6.48896293211162], [30, 6.48896293211162], [31, 6.48896293211162], [32, 6.48896293211162], [33, 6.48896293211162], [34, 6.48896293211162], [35, 6.48896293211162], [36, 6.48896293211162], [37, 6.48896293211162], [38, 6.48896293211162], [39, 6.48896293211162], [40, 6.48896293211162], [41, 6.48896293211162], [42, 6.48896293211162], [43, 6.48896293211162], [44, 6.48896293211162], [45, 6.48896293211162], [46, 6.48896293211162], [47, 6.48896293211162], [48, 6.48896293211162], [49, 6.48896293211162], [50, 6.48896293211162]]}}