{"losses_distributed": [[1, 2.3089879157145154], [2, 2.3089879157145154], [3, 2.3089879157145154], [4, 2.3089879157145154], [5, 2.3089879157145154], [6, 2.3089879157145154], [7, 2.3089879157145154], [8, 2.3089879157145154], [9, 2.3089879157145154], [10, 2.3089879157145154], [11, 2.3089879157145154], [12, 2.3089879157145154], [13, 2.3089879157145154], [14, 2.3089879157145154], [15, 2.3089879157145154], [16, 2.3089879157145154], [17, 2.3089879157145154], [18, 2.3089879157145154], [19, 2.3089879157145154], [20, 2.3089879157145154], [21, 2.3089879157145154], [22, 2.3089879157145154], [23, 2.3089879157145154], [24, 2.3089879157145154], [25, 2.3089879157145154], [26, 2.3089879157145154], [27, 2.3089879157145154], [28, 2.3089879157145154], [29, 2.3089879157145154], [30, 2.3089879157145154], [31, 2.3089879157145154], [32, 2.3089879157145154], [33, 2.3089879157145154], [34, 2.3089879157145154], [35, 2.3089879157145154], [36, 2.3089879157145154], [37, 2.3089879157145154], [38, 2.3089879157145154], [39, 2.3089879157145154], [40, 2.3089879157145154], [41, 2.3089879157145154], [42, 2.3089879157145154], [43, 2.3089879157145154], [44, 2.3089879157145154], [45, 2.3089879157145154], [46, 2.3089879157145154], [47, 2.3089879157145154], [48, 2.3089879157145154], [49, 2.3089879157145154], [50, 2.3089879157145154]], "metrics_distributed_fit": {}, "metrics_distributed": {"accuracy": [[1, 12.962345884705098], [2, 12.962345884705098], [3, 12.962345884705098], [4, 12.962345884705098], [5, 12.962345884705098], [6, 12.962345884705098], [7, 12.962345884705098], [8, 12.962345884705098], [9, 12.962345884705098], [10, 12.962345884705098], [11, 12.962345884705098], [12, 12.962345884705098], [13, 12.962345884705098], [14, 12.962345884705098], [15, 12.962345884705098], [16, 12.962345884705098], [17, 12.962345884705098], [18, 12.962345884705098], [19, 12.962345884705098], [20, 12.962345884705098], [21, 12.962345884705098], [22, 12.962345884705098], [23, 12.962345884705098], [24, 12.962345884705098], [25, 12.962345884705098], [26, 12.962345884705098], [27, 12.962345884705098], [28, 12.962345884705098], [29, 12.962345884705098], [30, 12.962345884705098], [31, 12.962345884705098], [32, 12.962345884705098], [33, 12.962345884705098], [34, 12.962345884705098], [35, 12.962345884705098], [36, 12.962345884705098], [37, 12.962345884705098], [38, 12.962345884705098], [39, 12.962345884705098], [40, 12.962345884705098], [41, 12.962345884705098], [42, 12.962345884705098], [43, 12.962345884705098], [44, 12.962345884705098], [45, 12.962345884705098], [46, 12.962345884705098], [47, 12.962345884705098], [48, 12.962345884705098], [49, 12.962345884705098], [50, 12.962345884705098]]}}