{"losses_distributed": [[1, 1.0941666288798508], [2, 0.7660455031370728], [3, 0.6672612754544271], [4, 0.6164735623476149], [5, 0.5931065307681221], [6, 0.5754218293414121], [7, 0.5522095833677564], [8, 0.5306048702842114], [9, 0.5417654357455802], [10, 0.5005824359053772], [11, 0.49442038214363604], [12, 0.4807944476917282], [13, 0.46596427705239474], [14, 0.45633568021852705], [15, 0.44641799992152115], [16, 0.44339249633135935], [17, 0.4315705347368019], [18, 0.43485357431134397], [19, 0.41402852570502136], [20, 0.40878542024308306], [21, 0.40868029328077404], [22, 0.3958638867053617], [23, 0.39403249423669123], [24, 0.388776452004691], [25, 0.37910622634646574], [26, 0.37651095774939597], [27, 0.37151374892567207], [28, 0.3677983315675825], [29, 0.3656812768723718], [30, 0.3617303712577154], [31, 0.35649147975081324], [32, 0.35604649210911676], [33, 0.3557873596597099], [34, 0.34913657249877234], [35, 0.34395609629954627], [36, 0.3398207039614194], [37, 0.34073048594175914], [38, 0.3373648748149359], [39, 0.3330652627824585], [40, 0.3347150715380182], [41, 0.3329381603537818], [42, 0.3320476842106322], [43, 0.3289441669565247], [44, 0.32165419392508693], [45, 0.3230538623123835], [46, 0.3225654384139298], [47, 0.3157554159076839], [48, 0.31709951814543363], [49, 0.3138234526917006], [50, 0.3115026580020214]], "metrics_distributed_fit": {"accuracy": [[1, 41.224268689057425], [2, 66.5680473372781], [3, 72.14767897324776], [4, 74.36036336361363], [5, 75.55837986498875], [6, 76.89599133261105], [7, 77.72731060921744], [8, 78.53362780231686], [9, 79.22951912659389], [10, 79.81290107508958], [11, 80.53587798983249], [12, 81.06925577131427], [13, 81.61721810150846], [14, 81.82140178348196], [15, 82.33394449537461], [16, 82.7714809567464], [17, 83.20901741811818], [18, 83.61113426118843], [19, 84.08825735477957], [20, 84.17784815401284], [21, 84.44037003083591], [22, 84.68830735894657], [23, 85.07583965330444], [24, 85.26335527960663], [25, 85.46545545462122], [26, 85.64463705308776], [27, 85.76756396366363], [28, 86.01966830569214], [29, 85.92591049254105], [30, 86.18009834152846], [31, 86.4842903575298], [32, 86.66347195599633], [33, 86.75514626218852], [34, 86.8947412284357], [35, 86.98849904158679], [36, 87.01558463205266], [37, 87.27393949495792], [38, 87.29060755062922], [39, 87.52604383698642], [40, 87.61146762230186], [41, 87.51562630219185], [42, 87.78648220685056], [43, 87.81356779731644], [44, 87.91774314526211], [45, 88.1052587715643], [46, 88.24068672389366], [47, 88.19068255687974], [48, 88.34486207183932], [49, 88.31985998833237], [50, 88.46362196849738]]}, "metrics_distributed": {"accuracy": [[1, 67.31922692435855], [2, 70.71809396867711], [3, 75.20826391202932], [4, 77.49916694435188], [5, 78.0489836721093], [6, 78.86537820726424], [7, 79.36521159613463], [8, 80.19826724425192], [9, 79.17360879706764], [10, 82.03098967010996], [11, 81.88937020993002], [12, 82.13095634788404], [13, 83.14728423858713], [14, 83.45551482839053], [15, 83.93868710429857], [16, 84.07197600799734], [17, 84.36354548483838], [18, 84.2385871376208], [19, 85.29656781072975], [20, 85.57147617460846], [21, 85.59646784405199], [22, 86.03798733755414], [23, 86.27957347550816], [24, 86.57114295234922], [25, 87.02099300233256], [26, 86.72109296901033], [27, 87.02099300233256], [28, 87.18760413195602], [29, 87.27924025324891], [30, 87.29590136621127], [31, 87.7790736421193], [32, 87.63745418193935], [33, 87.60413195601465], [34, 87.98733755414862], [35, 88.06231256247918], [36, 88.53715428190603], [37, 88.32055981339553], [38, 88.39553482172609], [39, 88.56214595134955], [40, 88.42885704765078], [41, 88.47884038653783], [42, 88.57047650783072], [43, 88.57047650783072], [44, 88.78707097634123], [45, 88.74541819393535], [46, 88.60379873375541], [47, 89.08697100966344], [48, 89.02865711429523], [49, 89.20359880039986], [50, 89.26191269576807]]}}