{"losses_distributed": [[1, 1.5134756231049804], [2, 0.8530763923799133], [3, 0.7052165419397033], [4, 0.6388651203980102], [5, 0.6102939552686851], [6, 0.5797866151165039], [7, 0.5824314993801141], [8, 0.5287324954995708], [9, 0.5224092932653049], [10, 0.5034430451340498], [11, 0.4959851956973221], [12, 0.4970838569864935], [13, 0.4705897908665547], [14, 0.4637796770776624], [15, 0.448518818299108], [16, 0.4456415556908051], [17, 0.43540240128504043], [18, 0.43514935799262666], [19, 0.4264344714945031], [20, 0.419575944241262], [21, 0.425988831536465], [22, 0.40927112161343615], [23, 0.40354836218459367], [24, 0.3986311600388015], [25, 0.3950059878384258], [26, 0.39025492531863015], [27, 0.38285743452419296], [28, 0.3821642579956881], [29, 0.3754731975734755], [30, 0.37442460117465204], [31, 0.37059687701477106], [32, 0.3647085083196283], [33, 0.36651600987054267], [34, 0.3695677556057167], [35, 0.3611257906557867], [36, 0.3696984926445789], [37, 0.3593149470071503], [38, 0.35038200789121526], [39, 0.3618148239241794], [40, 0.3458627601009466], [41, 0.35339399955511985], [42, 0.34453235269089333], [43, 0.3436399990670237], [44, 0.35492550557675534], [45, 0.3376952763474618], [46, 0.33453423139553473], [47, 0.3373801369336385], [48, 0.3375807565309166], [49, 0.33214613968310186], [50, 0.3296125030601983]], "metrics_distributed_fit": {"accuracy": [[1, 49.83644129596833], [2, 72.92009584331701], [3, 78.15605792270028], [4, 79.9104073340973], [5, 81.34180643817064], [6, 82.31690801125117], [7, 82.87321595999583], [8, 83.60662569017606], [9, 84.12751328263361], [10, 84.6233982706532], [11, 84.71924158766538], [12, 85.18387332013751], [13, 85.46306906969475], [14, 85.90894884883842], [15, 86.26940306281904], [16, 86.47150744869258], [17, 86.49859360350037], [18, 86.90280237524742], [19, 87.0736535055735], [20, 87.33409730180227], [21, 87.34868215439108], [22, 87.69246796541306], [23, 88.00083342014793], [24, 88.11126158974893], [25, 88.09250963642046], [26, 88.28002916970517], [27, 88.27586206896552], [28, 88.60923012813835], [29, 88.66548598812376], [30, 88.6821543910824], [31, 88.85925617251797], [32, 88.92176268361288], [33, 89.00093759766642], [34, 89.07177831024065], [35, 89.31972080425044], [36, 89.26763204500469], [37, 89.40306281904365], [38, 89.4134805708928], [39, 89.54057714345244], [40, 89.76351703302427], [41, 89.71351182414836], [42, 89.72809667673717], [43, 89.75518283154496], [44, 89.9718720700073], [45, 89.95312011667882], [46, 89.99479112407542], [47, 90.14689030107303], [48, 90.21148036253777], [49, 90.24065006771539], [50, 90.21148036253777]]}, "metrics_distributed": {"accuracy": [[1, 62.482299042065804], [2, 72.01999167013744], [3, 73.8692211578509], [4, 76.85964181591004], [5, 76.88463140358184], [6, 77.32611411911704], [7, 76.5597667638484], [8, 80.15826738858809], [9, 80.38317367763432], [10, 81.7576009995835], [11, 80.6747188671387], [12, 80.77467721782591], [13, 82.89046230737193], [14, 82.73219491878385], [15, 83.54852144939609], [16, 83.1570179092045], [17, 84.33152852977926], [18, 83.48188254893795], [19, 84.15660141607664], [20, 84.52311536859642], [21, 83.86505622657226], [22, 85.28946272386506], [23, 85.31445231153685], [24, 85.37276134943774], [25, 85.54768846314036], [26, 85.73927530195752], [27, 85.99750104123282], [28, 86.14743856726363], [29, 86.34735526863807], [30, 86.48896293211162], [31, 86.54727197001249], [32, 86.75551853394418], [33, 86.58059142024156], [34, 86.43898375676801], [35, 86.86380674718868], [36, 86.22240733027905], [37, 86.66389004581424], [38, 87.23032069970846], [39, 86.66389004581424], [40, 87.33860891295294], [41, 87.03040399833402], [42, 87.5052061640983], [43, 87.5551853394419], [44, 87.03040399833402], [45, 87.48854643898376], [46, 87.59683465222824], [47, 87.61349437734278], [48, 87.65514369012911], [49, 87.96334860474802], [50, 87.80508121615993]]}}