{"losses_distributed": [[1, 1.407446044776806], [2, 0.7605602606728807], [3, 0.66333817664046], [4, 0.6154237460817984], [5, 0.5836137228511008], [6, 0.5577327200633333], [7, 0.5303389022858569], [8, 0.5172507847395192], [9, 0.49848868067772617], [10, 0.4886909056130905], [11, 0.4733152993865031], [12, 0.46127317347543634], [13, 0.4521698691286035], [14, 0.44584103788645496], [15, 0.4418130988768441], [16, 0.4262647330736129], [17, 0.42473964149834353], [18, 0.414240486242103], [19, 0.40597170832176205], [20, 0.40043451683456127], [21, 0.3951066102074091], [22, 0.39258599067054084], [23, 0.3849153234010456], [24, 0.383703891343075], [25, 0.37632389073419953], [26, 0.38462008895853367], [27, 0.37074047527892], [28, 0.36656198688583824], [29, 0.37138492595162326], [30, 0.360750058697526], [31, 0.35932076913054806], [32, 0.35419145138591024], [33, 0.3542285056406758], [34, 0.34746203563116823], [35, 0.34862769775462527], [36, 0.3478884258515753], [37, 0.3417353678776478], [38, 0.339634379318002], [39, 0.338819903051881], [40, 0.33624468003211916], [41, 0.3353388935367253], [42, 0.3320000064359113], [43, 0.3285083048460246], [44, 0.3269457692173035], [45, 0.3306071009463328], [46, 0.32619443661181063], [47, 0.3238208924694206], [48, 0.3200575015651945], [49, 0.3212477966090394], [50, 0.321262477673975]], "metrics_distributed_fit": {"accuracy": [[1, 36.83223601966831], [2, 65.922160180015], [3, 71.64138678223185], [4, 74.54579548295692], [5, 76.2271855987999], [6, 77.37519793316109], [7, 78.30652554379532], [8, 79.106592216018], [9, 79.83998666555546], [10, 80.66297191432619], [11, 81.34427868989083], [12, 81.79848320693391], [13, 82.37978164847071], [14, 82.67980665055421], [15, 83.17359779981665], [16, 83.58404867072257], [17, 83.83406950579214], [18, 84.11534294524543], [19, 84.54246187182265], [20, 84.82165180431703], [21, 84.97791482623552], [22, 85.38003166930578], [23, 85.30710892574382], [24, 85.55921326777232], [25, 85.81756813067756], [26, 86.0613384448704], [27, 86.16343028585716], [28, 86.40720060005], [29, 86.55512959413285], [30, 86.6259688307359], [31, 86.74472872739395], [32, 86.9093257771481], [33, 87.0030835902992], [34, 87.19059921660138], [35, 87.2551879323277], [36, 87.20101675139595], [37, 87.4281190099175], [38, 87.50520876739728], [39, 87.84690390865906], [40, 87.78648220685056], [41, 87.77814817901492], [42, 87.83648637386449], [43, 87.99483290274189], [44, 88.20735061255104], [45, 88.03233602800233], [46, 88.27193932827736], [47, 88.32402700225019], [48, 88.4511209267439], [49, 88.71780981748479], [50, 88.52821068422368]]}, "metrics_distributed": {"accuracy": [[1, 62.23758747084305], [2, 73.54215261579473], [3, 76.1412862379207], [4, 75.64145284905031], [5, 78.03232255914695], [6, 79.34855048317227], [7, 80.6981006331223], [8, 81.10629790069977], [9, 81.9893368877041], [10, 82.56414528490504], [11, 83.18060646451183], [12, 83.41386204598467], [13, 83.85538153948684], [14, 84.03032322559147], [15, 83.87204265244918], [16, 85.00499833388871], [17, 84.99666777740754], [18, 85.2215928023992], [19, 85.78807064311896], [20, 85.97134288570477], [21, 85.98800399866711], [22, 86.35454848383873], [23, 86.512829056981], [24, 86.66277907364211], [25, 86.97100966344551], [26, 86.46284571809397], [27, 87.05431522825725], [28, 87.35421526157947], [29, 86.8543818727091], [30, 87.46251249583472], [31, 87.70409863378873], [32, 87.63745418193935], [33, 87.6541152949017], [34, 87.81239586804398], [35, 87.75408197267578], [36, 88.07064311896035], [37, 87.92069310229924], [38, 88.07064311896035], [39, 88.00399866711096], [40, 88.07897367544152], [41, 88.16227924025326], [42, 88.18727090969676], [43, 88.34555148283906], [44, 88.32055981339553], [45, 88.3288903698767], [46, 88.487170943019], [47, 88.40386537820726], [48, 88.62879040319893], [49, 88.57047650783072], [50, 88.56214595134955]]}}