{"losses_distributed": [[1, 2.3018876832352206], [2, 2.3018876832352206], [3, 2.3018876832352206], [4, 2.3018876832352206], [5, 2.3018876832352206], [6, 2.3018876832352206], [7, 2.3018876832352206], [8, 2.3018876832352206], [9, 2.3018876832352206], [10, 2.3018876832352206], [11, 2.3018876832352206], [12, 2.3018876832352206], [13, 2.3018876832352206], [14, 2.3018876832352206], [15, 2.3018876832352206], [16, 2.3018876832352206], [17, 2.3018876832352206], [18, 2.3018876832352206], [19, 2.3018876832352206], [20, 2.3018876832352206], [21, 2.3018876832352206], [22, 2.3018876832352206], [23, 2.3018876832352206], [24, 2.3018876832352206], [25, 2.3018876832352206], [26, 2.3018876832352206], [27, 2.3018876832352206], [28, 2.3018876832352206], [29, 2.3018876832352206], [30, 2.3018876832352206], [31, 2.3018876832352206], [32, 2.3018876832352206], [33, 2.3018876832352206], [34, 2.3018876832352206], [35, 2.3018876832352206], [36, 2.3018876832352206], [37, 2.3018876832352206], [38, 2.3018876832352206], [39, 2.3018876832352206], [40, 2.3018876832352206], [41, 2.3018876832352206], [42, 2.3018876832352206], [43, 2.3018876832352206], [44, 2.3018876832352206], [45, 2.3018876832352206], [46, 2.3018876832352206], [47, 2.3018876832352206], [48, 2.3018876832352206], [49, 2.3018876832352206], [50, 2.3018876832352206]], "metrics_distributed_fit": {}, "metrics_distributed": {"accuracy": [[1, 10.946351216261247], [2, 10.946351216261247], [3, 10.946351216261247], [4, 10.946351216261247], [5, 10.946351216261247], [6, 10.946351216261247], [7, 10.946351216261247], [8, 10.946351216261247], [9, 10.946351216261247], [10, 10.946351216261247], [11, 10.946351216261247], [12, 10.946351216261247], [13, 10.946351216261247], [14, 10.946351216261247], [15, 10.946351216261247], [16, 10.946351216261247], [17, 10.946351216261247], [18, 10.946351216261247], [19, 10.946351216261247], [20, 10.946351216261247], [21, 10.946351216261247], [22, 10.946351216261247], [23, 10.946351216261247], [24, 10.946351216261247], [25, 10.946351216261247], [26, 10.946351216261247], [27, 10.946351216261247], [28, 10.946351216261247], [29, 10.946351216261247], [30, 10.946351216261247], [31, 10.946351216261247], [32, 10.946351216261247], [33, 10.946351216261247], [34, 10.946351216261247], [35, 10.946351216261247], [36, 10.946351216261247], [37, 10.946351216261247], [38, 10.946351216261247], [39, 10.946351216261247], [40, 10.946351216261247], [41, 10.946351216261247], [42, 10.946351216261247], [43, 10.946351216261247], [44, 10.946351216261247], [45, 10.946351216261247], [46, 10.946351216261247], [47, 10.946351216261247], [48, 10.946351216261247], [49, 10.946351216261247], [50, 10.946351216261247]]}}